1|Charissa E. Simpson|Ap #104-6321 Natoque St.|(987) 632-9366
2|Cairo I. Merrill|2741 Nec Avenue|(459) 351-7448
3|Dawn J. Terrell|981-7740 Arcu St.|(259) 719-7189
4|Hiroko F. Hopkins|Ap #315-6404 Aenean Street|(769) 964-2337
5|Thor N. Bonner|Ap #715-3312 Mollis Rd.|(850) 392-0921
6|Shaeleigh Ashley|5543 Rutrum Rd.|(194) 931-2346
7|Reece Adams|1797 Varius St.|(788) 941-4445
8|Nathaniel H. Crawford|6925 Auctor Road|(129) 934-9630
9|Uma Shaw|8361 Aliquam St.|(994) 646-8195
10|Fletcher Y. Kelley|1144 Vel Avenue|(495) 743-7873
11|Martena Terry|Ap #552-5707 Ornare. Rd.|(309) 162-3000
12|Nero W. Torres|430-1688 Dolor Rd.|(647) 819-4033
13|Ray H. Carney|Ap #773-9749 Suscipit, Av.|(954) 498-8507
14|Flavia I. Sparks|144-9243 Sem Road|(853) 469-6711
15|Calvin C. Walter|Ap #664-4769 Ante Rd.|(956) 707-2286
16|Tashya D. Horton|5871 Eu, Street|(902) 524-1176
17|Vera T. Britt|P.O. Box 813, 5042 Diam. St.|(889) 520-7266
18|Bryar Velasquez|511-463 Dolor. Ave|(297) 508-0680
19|Armando Kemp|277-7258 Porttitor Rd.|(756) 122-5475
20|Raven Ewing|855-7844 A, St.|(458) 385-4150
21|Jaquelyn F. Hopper|Ap #923-5864 Aliquam Rd.|(957) 804-4186
22|Rajah X. Horne|P.O. Box 764, 9605 Dolor. Avenue|(769) 533-1356
23|Melinda W. Nixon|Ap #904-1306 Ridiculus Avenue|(446) 988-2293
24|Kelly Eaton|P.O. Box 337, 9061 Tellus. St.|(694) 219-5605
25|Paula Cleveland|1779 Lacus. St.|(875) 117-4069
26|Laurel H. Solomon|249-3777 A, St.|(193) 594-9207
27|Laith Dotson|107-5338 Lectus St.|(560) 679-4049
28|Jamalia Owen|P.O. Box 552, 630 Donec St.|(452) 745-5953
29|Warren Clarke|Ap #160-5468 Eu Street|(667) 322-6078
30|Emerson Maddox|3975 Vulputate, Ave|(655) 252-5949
31|Dieter Hamilton|P.O. Box 940, 7223 In, Rd.|(124) 913-6662
32|Garrison Yates|Ap #276-7801 Sem St.|(949) 658-5092
33|Vincent Ewing|P.O. Box 971, 4397 Ultrices Ave|(931) 901-3860
34|Delilah Mccray|P.O. Box 361, 7967 Cras St.|(910) 624-7299
35|Nigel Kerr|179-1045 Sed Avenue|(527) 900-6171
36|Zenaida Ware|3467 Feugiat. St.|(440) 429-3448
37|Robert Waller|4152 Fringilla Rd.|(879) 450-7966
38|Montana Mcleod|992-7338 Nunc Avenue|(579) 304-1887
39|Stephanie Osborn|P.O. Box 166, 1788 Lobortis St.|(122) 412-9699
40|Nolan W. Emerson|329-1284 Orci Rd.|(667) 608-1000
41|Ariana E. Bryan|Ap #307-2142 Donec Rd.|(547) 936-9122
42|Emerson T. Lowe|605-1208 Sit Rd.|(690) 729-7180
43|Priscilla Drake|1165 Ut Av.|(544) 370-1373
44|Geoffrey Simmons|7376 Bibendum. Rd.|(741) 460-7027
45|Neve Mcneil|Ap #371-3942 Risus. Rd.|(784) 462-1168
46|Francis Sims|445-5292 Nulla Road|(826) 253-9569
47|Jacqueline T. English|3608 Pede Rd.|(591) 852-4869
48|Kadeem Burks|278 Dui. St.|(343) 397-3744
49|Elvis J. Flowers|2326 Pellentesque Rd.|(874) 579-0545
50|Quyn Kinney|P.O. Box 321, 205 Lorem Av.|(451) 943-0980